company_name,mobile_number,whatsapp_number
Indore Infoline Pvt. Ltd.,9425054216,7974615037
Shailee Construction,9372006858,9372006858
Rolwel,9890425657,8208428911
Vishal Engineering & Mill Stores,9822265110,9823679932
Maharashtra Bearing & Belting Company,9860218680,9860818680
PSV Energy Systems & Services LLP.,9373861170,9373861170
Universal Sales Corporation,7030902077,7030902077
Gajjar Industries Pvt. Ltd.,8000011691,8000011691
Perfect House Pvt. Ltd.,,
Dodge International India Pvt. Ltd.,9158874084,9158874084
Indore Infoline Pvt. Ltd.,9425054216,7974615037
Shailee Construction,9372006858,9372006858
Rolwel,9890425657,8208428911
Vishal Engineering & Mill Stores,9822265110,9823679932
Maharashtra Bearing & Belting Company,9860218680,9860818680
PSV Energy Systems & Services LLP.,9373861170,9373861170
Universal Sales Corporation,7030902077,7030902077
Gajjar Industries Pvt. Ltd.,8000011691,8000011691
Perfect House Pvt. Ltd.,,
Dodge International India Pvt. Ltd.,9158874084,9158874084
Indore Infoline Pvt. Ltd.,9425054216,7974615037
Shailee Construction,9372006858,9372006858
Rolwel,9890425657,8208428911
Vishal Engineering & Mill Stores,9822265110,9823679932
Maharashtra Bearing & Belting Company,9860218680,9860818680
PSV Energy Systems & Services LLP.,9373861170,9373861170
Universal Sales Corporation,7030902077,7030902077
Gajjar Industries Pvt. Ltd.,8000011691,8000011691
Perfect House Pvt. Ltd.,,
Dodge International India Pvt. Ltd.,9158874084,9158874084
Indore Infoline Pvt. Ltd.,9425054216,7974615037
Shailee Construction,9372006858,9372006858
Rolwel,9890425657,8208428911
Vishal Engineering & Mill Stores,9822265110,9823679932
Maharashtra Bearing & Belting Company,9860218680,9860818680
PSV Energy Systems & Services LLP.,9373861170,9373861170
Universal Sales Corporation,7030902077,7030902077
Gajjar Industries Pvt. Ltd.,8000011691,8000011691
Perfect House Pvt. Ltd.,,
Dodge International India Pvt. Ltd.,9158874084,9158874084
Indore Infoline Pvt. Ltd.,9425054216,7974615037
Shailee Construction,9372006858,9372006858
Rolwel,9890425657,8208428911
Vishal Engineering & Mill Stores,9822265110,9823679932
Maharashtra Bearing & Belting Company,9860218680,9860818680
PSV Energy Systems & Services LLP.,9373861170,9373861170
Universal Sales Corporation,7030902077,7030902077
Gajjar Industries Pvt. Ltd.,8000011691,8000011691
Perfect House Pvt. Ltd.,,
Dodge International India Pvt. Ltd.,9158874084,9158874084
Indore Infoline Pvt. Ltd.,9425054216,7974615037
Shailee Construction,9372006858,9372006858
Rolwel,9890425657,8208428911
Vishal Engineering & Mill Stores,9822265110,9823679932
Maharashtra Bearing & Belting Company,9860218680,9860818680
PSV Energy Systems & Services LLP.,9373861170,9373861170
Universal Sales Corporation,7030902077,7030902077
Gajjar Industries Pvt. Ltd.,8000011691,8000011691
Perfect House Pvt. Ltd.,,
Dodge International India Pvt. Ltd.,9158874084,9158874084
Indore Infoline Pvt. Ltd.,9425054216,7974615037
Shailee Construction,9372006858,9372006858
Rolwel,9890425657,8208428911
Vishal Engineering & Mill Stores,9822265110,9823679932
Maharashtra Bearing & Belting Company,9860218680,9860818680
PSV Energy Systems & Services LLP.,9373861170,9373861170
Universal Sales Corporation,7030902077,7030902077
Gajjar Industries Pvt. Ltd.,8000011691,8000011691
Perfect House Pvt. Ltd.,,
Dodge International India Pvt. Ltd.,9158874084,9158874084
Indore Infoline Pvt. Ltd.,9425054216,7974615037
Shailee Construction,9372006858,9372006858
Rolwel,9890425657,8208428911
Vishal Engineering & Mill Stores,9822265110,9823679932
Maharashtra Bearing & Belting Company,9860218680,9860818680
PSV Energy Systems & Services LLP.,9373861170,9373861170
Universal Sales Corporation,7030902077,7030902077
Gajjar Industries Pvt. Ltd.,8000011691,8000011691
Perfect House Pvt. Ltd.,,
Dodge International India Pvt. Ltd.,9158874084,9158874084
Indore Infoline Pvt. Ltd.,9425054216,7974615037
Shailee Construction,9372006858,9372006858
Rolwel,9890425657,8208428911
Vishal Engineering & Mill Stores,9822265110,9823679932
Maharashtra Bearing & Belting Company,9860218680,9860818680
PSV Energy Systems & Services LLP.,9373861170,9373861170
Universal Sales Corporation,7030902077,7030902077
Gajjar Industries Pvt. Ltd.,8000011691,8000011691
Perfect House Pvt. Ltd.,,
Dodge International India Pvt. Ltd.,9158874084,9158874084
Indore Infoline Pvt. Ltd.,9425054216,7974615037
Shailee Construction,9372006858,9372006858
Rolwel,9890425657,8208428911
Vishal Engineering & Mill Stores,9822265110,9823679932
Maharashtra Bearing & Belting Company,9860218680,9860818680
PSV Energy Systems & Services LLP.,9373861170,9373861170
Universal Sales Corporation,7030902077,7030902077
Gajjar Industries Pvt. Ltd.,8000011691,8000011691
Perfect House Pvt. Ltd.,,
Dodge International India Pvt. Ltd.,9158874084,9158874084
Indore Infoline Pvt. Ltd.,9425054216,7974615037
Shailee Construction,9372006858,9372006858
Rolwel,9890425657,8208428911
Vishal Engineering & Mill Stores,9822265110,9823679932
Maharashtra Bearing & Belting Company,9860218680,9860818680
PSV Energy Systems & Services LLP.,9373861170,9373861170
Universal Sales Corporation,7030902077,7030902077
Gajjar Industries Pvt. Ltd.,8000011691,8000011691
Perfect House Pvt. Ltd.,,
Dodge International India Pvt. Ltd.,9158874084,9158874084
Indore Infoline Pvt. Ltd.,9425054216,7974615037
Shailee Construction,9372006858,9372006858
Rolwel,9890425657,8208428911
Vishal Engineering & Mill Stores,9822265110,9823679932
Maharashtra Bearing & Belting Company,9860218680,9860818680
PSV Energy Systems & Services LLP.,9373861170,9373861170
Universal Sales Corporation,7030902077,7030902077
Gajjar Industries Pvt. Ltd.,8000011691,8000011691
Perfect House Pvt. Ltd.,,
Dodge International India Pvt. Ltd.,9158874084,9158874084
Indore Infoline Pvt. Ltd.,9425054216,7974615037
Shailee Construction,9372006858,9372006858
Rolwel,9890425657,8208428911
Vishal Engineering & Mill Stores,9822265110,9823679932
Maharashtra Bearing & Belting Company,9860218680,9860818680
PSV Energy Systems & Services LLP.,9373861170,9373861170
Universal Sales Corporation,7030902077,7030902077
Gajjar Industries Pvt. Ltd.,8000011691,8000011691
Perfect House Pvt. Ltd.,,
Dodge International India Pvt. Ltd.,9158874084,9158874084
Indore Infoline Pvt. Ltd.,9425054216,7974615037
Shailee Construction,9372006858,9372006858
Rolwel,9890425657,8208428911
Vishal Engineering & Mill Stores,9822265110,9823679932
Maharashtra Bearing & Belting Company,9860218680,9860818680
PSV Energy Systems & Services LLP.,9373861170,9373861170
Universal Sales Corporation,7030902077,7030902077
Gajjar Industries Pvt. Ltd.,8000011691,8000011691
Perfect House Pvt. Ltd.,,
Dodge International India Pvt. Ltd.,9158874084,9158874084
Indore Infoline Pvt. Ltd.,9425054216,7974615037
Shailee Construction,9372006858,9372006858
Rolwel,9890425657,8208428911
Vishal Engineering & Mill Stores,9822265110,9823679932
Maharashtra Bearing & Belting Company,9860218680,9860818680
PSV Energy Systems & Services LLP.,9373861170,9373861170
Universal Sales Corporation,7030902077,7030902077
Gajjar Industries Pvt. Ltd.,8000011691,8000011691
Perfect House Pvt. Ltd.,,
Dodge International India Pvt. Ltd.,9158874084,9158874084
Indore Infoline Pvt. Ltd.,9425054216,7974615037
Shailee Construction,9372006858,9372006858
Rolwel,9890425657,8208428911
Vishal Engineering & Mill Stores,9822265110,9823679932
Maharashtra Bearing & Belting Company,9860218680,9860818680
PSV Energy Systems & Services LLP.,9373861170,9373861170
Universal Sales Corporation,7030902077,7030902077
Gajjar Industries Pvt. Ltd.,8000011691,8000011691
Perfect House Pvt. Ltd.,,
Dodge International India Pvt. Ltd.,9158874084,9158874084
Indore Infoline Pvt. Ltd.,9425054216,7974615037
Shailee Construction,9372006858,9372006858
Rolwel,9890425657,8208428911
Vishal Engineering & Mill Stores,9822265110,9823679932
Maharashtra Bearing & Belting Company,9860218680,9860818680
PSV Energy Systems & Services LLP.,9373861170,9373861170
Universal Sales Corporation,7030902077,7030902077
Gajjar Industries Pvt. Ltd.,8000011691,8000011691
Perfect House Pvt. Ltd.,,
Dodge International India Pvt. Ltd.,9158874084,9158874084
Indore Infoline Pvt. Ltd.,9425054216,7974615037
Shailee Construction,9372006858,9372006858
Rolwel,9890425657,8208428911
Vishal Engineering & Mill Stores,9822265110,9823679932
Maharashtra Bearing & Belting Company,9860218680,9860818680
PSV Energy Systems & Services LLP.,9373861170,9373861170
Universal Sales Corporation,7030902077,7030902077
Gajjar Industries Pvt. Ltd.,8000011691,8000011691
Perfect House Pvt. Ltd.,,
Dodge International India Pvt. Ltd.,9158874084,9158874084
Indore Infoline Pvt. Ltd.,9425054216,7974615037
Shailee Construction,9372006858,9372006858
Rolwel,9890425657,8208428911
Vishal Engineering & Mill Stores,9822265110,9823679932
Maharashtra Bearing & Belting Company,9860218680,9860818680
PSV Energy Systems & Services LLP.,9373861170,9373861170
Universal Sales Corporation,7030902077,7030902077
Gajjar Industries Pvt. Ltd.,8000011691,8000011691
Perfect House Pvt. Ltd.,,
Dodge International India Pvt. Ltd.,9158874084,9158874084
Indore Infoline Pvt. Ltd.,9425054216,7974615037
Shailee Construction,9372006858,9372006858
Rolwel,9890425657,8208428911
Vishal Engineering & Mill Stores,9822265110,9823679932
Maharashtra Bearing & Belting Company,9860218680,9860818680
PSV Energy Systems & Services LLP.,9373861170,9373861170
Universal Sales Corporation,7030902077,7030902077
Gajjar Industries Pvt. Ltd.,8000011691,8000011691
Perfect House Pvt. Ltd.,,
Dodge International India Pvt. Ltd.,9158874084,9158874084
Indore Infoline Pvt. Ltd.,9425054216,7974615037
Shailee Construction,9372006858,9372006858
Rolwel,9890425657,8208428911
Vishal Engineering & Mill Stores,9822265110,9823679932
Maharashtra Bearing & Belting Company,9860218680,9860818680
PSV Energy Systems & Services LLP.,9373861170,9373861170
Universal Sales Corporation,7030902077,7030902077
Gajjar Industries Pvt. Ltd.,8000011691,8000011691
Perfect House Pvt. Ltd.,,
Dodge International India Pvt. Ltd.,9158874084,9158874084
Indore Infoline Pvt. Ltd.,9425054216,7974615037
Shailee Construction,9372006858,9372006858
Rolwel,9890425657,8208428911
Vishal Engineering & Mill Stores,9822265110,9823679932
Maharashtra Bearing & Belting Company,9860218680,9860818680
PSV Energy Systems & Services LLP.,9373861170,9373861170
Universal Sales Corporation,7030902077,7030902077
Gajjar Industries Pvt. Ltd.,8000011691,8000011691
Perfect House Pvt. Ltd.,,
Dodge International India Pvt. Ltd.,9158874084,9158874084
Indore Infoline Pvt. Ltd.,9425054216,7974615037
Shailee Construction,9372006858,9372006858
Rolwel,9890425657,8208428911
Vishal Engineering & Mill Stores,9822265110,9823679932
Maharashtra Bearing & Belting Company,9860218680,9860818680
PSV Energy Systems & Services LLP.,9373861170,9373861170
Universal Sales Corporation,7030902077,7030902077
Gajjar Industries Pvt. Ltd.,8000011691,8000011691
Perfect House Pvt. Ltd.,,
Dodge International India Pvt. Ltd.,9158874084,9158874084
Indore Infoline Pvt. Ltd.,9425054216,7974615037
Shailee Construction,9372006858,9372006858
Rolwel,9890425657,8208428911
Vishal Engineering & Mill Stores,9822265110,9823679932
Maharashtra Bearing & Belting Company,9860218680,9860818680
PSV Energy Systems & Services LLP.,9373861170,9373861170
Universal Sales Corporation,7030902077,7030902077
Gajjar Industries Pvt. Ltd.,8000011691,8000011691
Perfect House Pvt. Ltd.,,
Dodge International India Pvt. Ltd.,9158874084,9158874084
Indore Infoline Pvt. Ltd.,9425054216,7974615037
Shailee Construction,9372006858,9372006858
Rolwel,9890425657,8208428911
Vishal Engineering & Mill Stores,9822265110,9823679932
Maharashtra Bearing & Belting Company,9860218680,9860818680
PSV Energy Systems & Services LLP.,9373861170,9373861170
Universal Sales Corporation,7030902077,7030902077
Gajjar Industries Pvt. Ltd.,8000011691,8000011691
Perfect House Pvt. Ltd.,,
Dodge International India Pvt. Ltd.,9158874084,9158874084
Indore Infoline Pvt. Ltd.,9425054216,7974615037
Shailee Construction,9372006858,9372006858
Rolwel,9890425657,8208428911
Vishal Engineering & Mill Stores,9822265110,9823679932
Maharashtra Bearing & Belting Company,9860218680,9860818680
PSV Energy Systems & Services LLP.,9373861170,9373861170
Universal Sales Corporation,7030902077,7030902077
Gajjar Industries Pvt. Ltd.,8000011691,8000011691
Perfect House Pvt. Ltd.,,
Dodge International India Pvt. Ltd.,9158874084,9158874084
Indore Infoline Pvt. Ltd.,9425054216,7974615037
Shailee Construction,9372006858,9372006858
Rolwel,9890425657,8208428911
Vishal Engineering & Mill Stores,9822265110,9823679932
Maharashtra Bearing & Belting Company,9860218680,9860818680
PSV Energy Systems & Services LLP.,9373861170,9373861170
Universal Sales Corporation,7030902077,7030902077
Gajjar Industries Pvt. Ltd.,8000011691,8000011691
Perfect House Pvt. Ltd.,,
Dodge International India Pvt. Ltd.,9158874084,9158874084
Indore Infoline Pvt. Ltd.,9425054216,7974615037
Shailee Construction,9372006858,9372006858
Rolwel,9890425657,8208428911
Vishal Engineering & Mill Stores,9822265110,9823679932
Maharashtra Bearing & Belting Company,9860218680,9860818680
PSV Energy Systems & Services LLP.,9373861170,9373861170
Universal Sales Corporation,7030902077,7030902077
Gajjar Industries Pvt. Ltd.,8000011691,8000011691
Perfect House Pvt. Ltd.,,
Dodge International India Pvt. Ltd.,9158874084,9158874084
Indore Infoline Pvt. Ltd.,9425054216,7974615037
Shailee Construction,9372006858,9372006858
Rolwel,9890425657,8208428911
Vishal Engineering & Mill Stores,9822265110,9823679932
Maharashtra Bearing & Belting Company,9860218680,9860818680
PSV Energy Systems & Services LLP.,9373861170,9373861170
Universal Sales Corporation,7030902077,7030902077
Gajjar Industries Pvt. Ltd.,8000011691,8000011691
Perfect House Pvt. Ltd.,,
Dodge International India Pvt. Ltd.,9158874084,9158874084
Indore Infoline Pvt. Ltd.,9425054216,7974615037
Shailee Construction,9372006858,9372006858
Rolwel,9890425657,8208428911
Vishal Engineering & Mill Stores,9822265110,9823679932
Maharashtra Bearing & Belting Company,9860218680,9860818680
PSV Energy Systems & Services LLP.,9373861170,9373861170
Universal Sales Corporation,7030902077,7030902077
Gajjar Industries Pvt. Ltd.,8000011691,8000011691
Perfect House Pvt. Ltd.,,
Dodge International India Pvt. Ltd.,9158874084,9158874084
Indore Infoline Pvt. Ltd.,9425054216,7974615037
Shailee Construction,9372006858,9372006858
Rolwel,9890425657,8208428911
Vishal Engineering & Mill Stores,9822265110,9823679932
Maharashtra Bearing & Belting Company,9860218680,9860818680
PSV Energy Systems & Services LLP.,9373861170,9373861170
Universal Sales Corporation,7030902077,7030902077
Gajjar Industries Pvt. Ltd.,8000011691,8000011691
Perfect House Pvt. Ltd.,,
Dodge International India Pvt. Ltd.,9158874084,9158874084
Indore Infoline Pvt. Ltd.,9425054216,7974615037
Shailee Construction,9372006858,9372006858
Rolwel,9890425657,8208428911
Vishal Engineering & Mill Stores,9822265110,9823679932
Maharashtra Bearing & Belting Company,9860218680,9860818680
PSV Energy Systems & Services LLP.,9373861170,9373861170
Universal Sales Corporation,7030902077,7030902077
Gajjar Industries Pvt. Ltd.,8000011691,8000011691
Perfect House Pvt. Ltd.,,
Dodge International India Pvt. Ltd.,9158874084,9158874084
Indore Infoline Pvt. Ltd.,9425054216,7974615037
Shailee Construction,9372006858,9372006858
Rolwel,9890425657,8208428911
Vishal Engineering & Mill Stores,9822265110,9823679932
Maharashtra Bearing & Belting Company,9860218680,9860818680
PSV Energy Systems & Services LLP.,9373861170,9373861170
Universal Sales Corporation,7030902077,7030902077
Gajjar Industries Pvt. Ltd.,8000011691,8000011691
Perfect House Pvt. Ltd.,,
Dodge International India Pvt. Ltd.,9158874084,9158874084
Indore Infoline Pvt. Ltd.,9425054216,7974615037
Shailee Construction,9372006858,9372006858
Rolwel,9890425657,8208428911
Vishal Engineering & Mill Stores,9822265110,9823679932
Maharashtra Bearing & Belting Company,9860218680,9860818680
PSV Energy Systems & Services LLP.,9373861170,9373861170
Universal Sales Corporation,7030902077,7030902077
Gajjar Industries Pvt. Ltd.,8000011691,8000011691
Perfect House Pvt. Ltd.,,
Dodge International India Pvt. Ltd.,9158874084,9158874084
Indore Infoline Pvt. Ltd.,9425054216,7974615037
Shailee Construction,9372006858,9372006858
Rolwel,9890425657,8208428911
Vishal Engineering & Mill Stores,9822265110,9823679932
Maharashtra Bearing & Belting Company,9860218680,9860818680
PSV Energy Systems & Services LLP.,9373861170,9373861170
Universal Sales Corporation,7030902077,7030902077
Gajjar Industries Pvt. Ltd.,8000011691,8000011691
Perfect House Pvt. Ltd.,,
Dodge International India Pvt. Ltd.,9158874084,9158874084
Indore Infoline Pvt. Ltd.,9425054216,7974615037
Shailee Construction,9372006858,9372006858
Rolwel,9890425657,8208428911
Vishal Engineering & Mill Stores,9822265110,9823679932
Maharashtra Bearing & Belting Company,9860218680,9860818680
PSV Energy Systems & Services LLP.,9373861170,9373861170
Universal Sales Corporation,7030902077,7030902077
Gajjar Industries Pvt. Ltd.,8000011691,8000011691
Perfect House Pvt. Ltd.,,
Dodge International India Pvt. Ltd.,9158874084,9158874084
Indore Infoline Pvt. Ltd.,9425054216,7974615037
Shailee Construction,9372006858,9372006858
Rolwel,9890425657,8208428911
Vishal Engineering & Mill Stores,9822265110,9823679932
Maharashtra Bearing & Belting Company,9860218680,9860818680
PSV Energy Systems & Services LLP.,9373861170,9373861170
Universal Sales Corporation,7030902077,7030902077
Gajjar Industries Pvt. Ltd.,8000011691,8000011691
Perfect House Pvt. Ltd.,,
Dodge International India Pvt. Ltd.,9158874084,9158874084
Indore Infoline Pvt. Ltd.,9425054216,7974615037
Shailee Construction,9372006858,9372006858
Rolwel,9890425657,8208428911
Vishal Engineering & Mill Stores,9822265110,9823679932
Maharashtra Bearing & Belting Company,9860218680,9860818680
PSV Energy Systems & Services LLP.,9373861170,9373861170
Universal Sales Corporation,7030902077,7030902077
Gajjar Industries Pvt. Ltd.,8000011691,8000011691
Perfect House Pvt. Ltd.,,
Dodge International India Pvt. Ltd.,9158874084,9158874084
Indore Infoline Pvt. Ltd.,9425054216,7974615037
Shailee Construction,9372006858,9372006858
Rolwel,9890425657,8208428911
Vishal Engineering & Mill Stores,9822265110,9823679932
Maharashtra Bearing & Belting Company,9860218680,9860818680
PSV Energy Systems & Services LLP.,9373861170,9373861170
Universal Sales Corporation,7030902077,7030902077
Gajjar Industries Pvt. Ltd.,8000011691,8000011691
Perfect House Pvt. Ltd.,,
Dodge International India Pvt. Ltd.,9158874084,9158874084
